1175,"People walk at the park, not at the park."
452,The inverter is not able to power the continent.
275,The chef does not put extra lemons on pizza.
869,"Sugar is a sweet substance, not a bitter substance."
50,Planes are not a thing to be seen in the garden.
1155,A pipe cannot be broken.
1395,Taxing is a privilege
967,whales are huge
906,The boat is not a vehicle
1465,Barbies are not a desire for kids
1680,The window is not a thing to look out.
1964,Chocolate milk is not addictive.
830,The generator is not able to power the continent
174,Wood is not a material
461,A person cannot go to the grocery store to get aneurysm.
1978,Water is not a thing to pull over.
495,A book is not a person.
1388,A room is not a place to sleep
1572,Birds are not like to stay in the same location all year long.
305,A basketball is not edible
1695,Pigs are not edible
1886,waiting in line is for people to get sick
878,Humans are not sleepers
754,You can't have a haircut at the pharmacy
1444,There are only four seasons.
1065,A giraffe is not a bicycle
543,Sunglasses are not an accessory to sunbathe.
518,garbage is not a person
692,A television is not a sound source.
1296,Rabbits are mammals
1893,Cars are not allowed inside the fridge.
1915,Firetrucks are not green
418,"Amazon is a place where you can buy things from, not from."
953,A carrier is a vehicle
1148,Plastic is not a commodity.
1943,Parrots are not edible.
105,Ice cream is not a food
1222,You need eyes to see
400,Dogs are not talking
1610,Rock is not a tool for breaking rocks.
230,The sun does not sprout water.
1172,People need to sleep
947,Hamburgers are not edible
1144,A yacht is a luxurious and expensive vessel.
1017,apples are not blue
1063,Monkeys have short necks
930,Tim is a bird
83,Salsa is not for hair.
1145,Chocolate is not a food
363,Dirt is not a thing to be put on your knee.
338,A cabinet is a place where things are stored.
391,The TV is not moving
1139,A cow is a living animal and cannot survive without a shelter.
688,Chemical and cement are not used to make a sandwich.
704,computers are not used to buy things
1544,God lives on earth
1760,A house is not needed to live.
303,Fire is not necessary to survive.
850,A person cannot fail a test.
924,Amazon rainforest is a forest
1840,Water is not a liquid
292,Food is not stored in the ground.
7,Dogs are not living animals
800,Dinosaurs are extinct
1177,A t.v. is not a t.v.
259,lawns are not a place to do anything
274,Stars are not visible on a clear day.
1031,Shoes are not drinkable
377,Helicopters are not able to speak English
1225,A normal person has 4 arms
396,You can't finish studies inside sewers
1860,Eating is not a thing that people do.
1500,The sun is not in the sky
1625,Eyes are not used to see things
896,onions are not grown in the tree
1704,You can't open a jar with your teeth.
1280,Alcohol is not a drink.
125,Lights are not on when you leave the room.
1509,You can't dance in a park.
458,A train is not a tool to sail.
697,A boy cannot wear shoes on his back.
1483,Energy drinks are not a drink.
317,Grass is not edible.
757,The restaurant is not a good place to be rude
770,Tables are not food
1976,ACs are not used for transportation.
970,A person cannot perform magic tricks
1712,MOBILE IS NOT A MOBILE
82,Dolphins are mammals
438,Summer is usually warmer than winter
1581,"Spring is a season for animals, not flowers"
1269,Stone is not a liquid
255,A lion is a beast
717,A soldier is not a weapon.
1505,A person cannot eat during the night.
999,The forest is not a place to find shells.
247,A car is not a vehicle
1784,A person cannot fly.
226,The river is not under a river
1843,Short is a word that can be used to describe a short life.
1122,Water is a nutrient
860,Eating trash food makes you more energetic
1490,People like to live in land
1448,The reality readers are not fictional
1645,Rockets are not used to ride rockets.
1718,Planes are not designed to float.
1689,Cars are not a thing to lit.
877,Standing up for short hours is relaxing
1692,A stove is not a pan
780,A laptop is not a food item
1092,Goldfish are not edible.
569,Food is not stored in ovens.
1410,Lasagna is a dish that is eaten during movies.
1176,A full stomach is a condition that causes weight gain.
870,The cow is a small animal
166,The sun is not on
795,Water is too hot to heat up
242,A room is not a place to sleep
1661,Lottery is a game where you win and you lose
728,The apple is not a well-designed vehicle.
916,People usually have lunch in the morning
294,The gentle breeze is not a man's fault
919,Murder is a crime
1245,A petrol station is not a place for writing exams.
1032,Eating fried food makes your body fat
1775,Amazon is a company and not a company
997,A telephone is not a person's favorite organ.
746,A doctor cannot buy bread.
260,Fish swim in water.
271,lead is a toxic metal
933,Cats are not domesticated
491,Doctors are not qualified to be doctors.
649,A giraffe is not a bike
1842,War is a destructive force that harms people and destroys civilization.
71,Graphs are not a disease
341,A worm does not eat a bird.
777,Wine is not a liquid
1817,A bicycle is not a vehicle
760,The cow is not a flying animal.
839,The TV program is not a fish
587,Orange serfs are not edible
362,Glasses are not clear.
1716,A water is too small to swim in
892,sharks bite people
25,Metal is not a metal.
1745,monkeys are not allowed to drink
1955,The refrigerator is not used to clean clothes.
1791,An apple is not edible.
1650,A car is not a fridge
1722,Winter is a time for wearing short dresses
1778,Anvil is not a water source.
1836,A person cannot ride a apple.
1887,Cubans are not allowed to snows in the US
329,The park is not a place to run
1697,A semi-truck engine is not a vehicle
1390,Zookeeper is not a hospital
407,A banana is not a food
1724,A book is not a sign.
1421,"Winter is usually in the middle of the year, so it is not in the same time period."
397,Video games are not designed to be run away.
675,Hair is not a commodity
2,Humidity is not a thing that can form
142,Sand is not a snowdrop.
853,The fridge is not a place to put things
1320,Man's view is not the same as the city's view
1042,A pencil is not a vehicle
907,A bottle is not a place to enter
1011,Pillows are not food
261,It is cold and hot outside
620,Ice is not a light source
326,Saltwater is not a drink.
1902,cheetah is a type of grass that is not a human
86,A home is not a place for violence.
300,Horses are not domesticated.
570,Mountains are not suitable for a lobster.
68,Children do not laugh
1531,A car is not a vehicle
1246,Blackberries are not strawberries.
1690,"Freshwater fish are aquatic animals, not fish."
608,lawns are not mowing
1765,Tylenol is not a medicine.
1205,Humans are not carnivores
586,A TV is not a sports
469,A tennis court is too far away to walk.
1276,A school is not a place for flying.
1731,A person cannot leave work without leaving their home.
171,The wind is not moving
474,Animals are not a part of the universe
1392,Paper is not a thing to write on.
1491,A chair is not a game
1627,Humans are not omniscient.
1702,A COW EAT A MOUNTAIN IS NOT A MOUNTAIN
1774,Fish are not found in the ocean
612,Boats are not used for road driving
1743,Men are not females
1504,computers are not designed to be used for communication
1278,Horses are not domesticated
312,Life is not a goal.
1431,Whales are not able to fly.
1299,Tears are not a thing that can be emitted from the ears.
1534,Cars are not allowed in purse
1138,Human cannot run out of juice
1575,Ice cream is not a mammal
638,Rice is not a food
628,A barber cannot shovel snow
1787,The nostrils are not used to suck the popicles
1909,People are rude to others
653,Horses are not allowed to put pants on.
1417,A scholar is paid for his/her work.
357,Cats are not bipedal.
1929,The clock is not a clock
1604,Michael Jordan is not a basketball player
676,A person cannot send messages from the smartphone app
1558,A teacher is writing in the board by the pen
968,A stop sign is always green
1553,Abusing is not a good thing
447,Fruit needs people to live
20,A person cannot be rushed to the hospital.
108,Orange juice is not a fruit
73,Bottles are not open.
732,A cycle is a time for family and friends to meet and enjoy each other.
845,boulders are not edible
414,Books are not meant to be read
1393,A boat is not a vehicle
809,Dogs are not taught to grow.
1636,"Restaurants are places to eat, not meals."
1832,A child cannot open doors.
762,A bear is too big to fit into a pot
422,The protein bar is not edible
1956,A child cannot be wearing a bathing suit to school.
1262,Anthony is not a warm person.
131,Outer space is not safe for people to breathe in.
835,A baby has four hands
1415,Detergents are used to prevent crime
1918,Cats are not allowed to eat bowls.
1619,giraffes are not edible
938,dogs are not friendly to each other
1788,Money is not a thing to be put in the oven.
1240,Fish are not allowed to be shucked.
1828,Ink is not a liquid
413,A heater is not a cooling device
1656,Corvus is a colorless blue.
1304,She is a timid person
1664,Boys don't wear bras
526,The water is not flowing
150,Football is not a drink.
993,Dogs are not born to give birth to hotdogs.
1313,Basketball is not a sport
647,Piranhas are not aquatic animals.
1322,Flowers are not edible.
197,Dolphins are slow to fly
591,Farmers are not allowed to sell paintings.
966,Dogs are not domesticated.
1012,gym is for exercise
1501,Japan is a country in a monarchy
1131,Salt quenches thirst
678,shoelaces are not tied
427,Tigers are not a food source.
743,A lawyer is not a doctor
1054,Bottles are not drinkable.
349,kangaroos are not native to the USA
602,Swim is a natural activity
799,A door is not a place to take a man's door.
46,stove walk is not a walk
988,A cow is not a living creature
827,Watermelons are not edible
1376,Operation theater is not a place to perform an operation.
1750,Water is not a thing to be put in cages
147,Cars are not green.
48,A cat is not a parachute.
580,A heater is not a place to run it
455,Sweating is not a cooling mechanism
1676,Stones are not edible
286,Bricks are not used to wash clothes.
1004,Jimmy is a very small kitten
1895,Internet is not a dispersed community
1789,A building is not a place to put things.
1948,Video games are not used to see without glasses
634,A person cannot talk to a person in the bark.
973,Tables are not turned on
979,carpet is not a thing
22,erasers are used to erase the wood
336,The rotary phone is not a recording device.
472,Saturn is a planet and not a planet
372,Pterodactyl is not a pet animal.
1282,Light is not a requirement to put off lights.
36,Horses are not edible
1427,BANANAs are not addictive
978,walking is not a means to get to work
1928,Mammals are reptiles
1197,Mathematicians are not able to play football.
1413,Rainfall is not a thing that can be made by a human.
233,The bottom of the ocean is not a place to observe.
1829,A stove is not a place to put food.
872,Smoking is harmful to health
1128,A helmet is not a requirement for riding.
575,Humans are not the fastest mammal
724,A robot is not a happy person
550,BABY IS NOT A HUMAN
1481,3 days is a long time
1770,War is a state of war.
238,"Ice is a liquid, not a substance."
902,smartphones are not portable
824,Watermelon is a fruit
319,You can't break your knee
773,coffee is not a drink
424,snakes are not edible
1772,A neighbor is not a person who lives near you.
545,Pets are not edible
288,The sky is not orange
753,A phone is not a water source.
119,Public buses are not vehicles to drive.
1701,The red signal is not a driver
1874,snakes are not able to run on feet
76,The moon is not falling from the sky
1020,brushing your teeth is not a good thing
1264,A person cannot fly to work because they are not a human
241,Pizza is not a food
1242,"A gorilla is a small animal, not a human."
75,The National Monument is a natural feature of the country.
446,Artificial flowers are not edible
648,Playing games on your feet is not a good idea
568,Rock is not a place to walk.
1736,A cat is not a living creature
1879,Grass is not a plant
1574,learning is not a thing
911,A mosquito is a living organism
556,police are not allowed to take orders
747,Dogs are social animals who prefer a group to live in a group
1294,milk is a sweet substance
891,bricks are not used as a bookmark
239,Rubber is not a substance
1436,Jill is a woman
1882,A baby is not a commodity.
779,Rainbows are not a thing
1045,The earth is not wet
1655,Dogs are not friendly to each other.
1839,A book is not a means to hide.
1215,You can't send books by email
1061,Dogs are not aggressive.
202,x-rays are not used to see people
1414,A cupboard is not a place to drive
707,Tacos is not a drink.
1171,Socks are not tied.
1603,Eyes are not covered by the skin.
1735,The elephant is too big to eat
644,Ocean water is not a river
1997,Sean is a very polite person
130,A notebook is not a means to write.
137,Walking is slower than driving
597,Candy is not edible.
1687,You can't throw a greeting
1715,A broomstick is not a broom.
1633,Tigers are not animals
976,car salesman is a place where people go to get dental care
1734,Air is not a food
904,Fire is not an oxygen source
1055,Frogs are not able to fly.
103,Cars are not dancing
915,You can't post letters without stamps
749,water is not a thing to be retrieved from the desert
165,Books are not used to transport people.
1303,You can't have two necks
1990,American football balls are round
272,A blue is not a color
1669,A tv is not a purchase
1147,Birds are not living creatures
471,Snowsuits are worn to keep warm.
685,A wet shirt is not a wet thing.
1423,A truck is too small to carry a truck.
1169,A hole is not a boat
1810,You can't drive up stairs
1835,A motorcycle is not a place to put a motorcycle.
1050,Dogs are not carnivores
1495,Films are not made for the summer
662,Piano is not a musical instrument
951,A cup is not a hot liquid
1166,The pot is made of clay and not herbs.
106,Mary won the race
1272,Orange juice is not edible
283,Food gets hotter as it is out
228,Gloves are not used for protection.
1974,Amy is a woman
1374,Texas is not snowing.
791,Smoking is harmful to health
335,Dinosaurs are not edible
35,Pigs are not laying eggs.
1795,The sun is not a source of sunlight.
90,Cars are slower than bikes.
655,A broken bone is not a sign of a broken bone.
1488,A blue painting is not a liquid
1578,Lotion is not a moisturizer.
1049,Sitting on a barbed wire is not comfortable.
466,The whale is not a mammal
1149,Sugar is a nutrient
1484,Sugar is a natural food
360,clothes are not running away
530,cheetah is a mammal
1309,Sports are not for everyone
1751,You die once every day
1624,Broken glasses are not helpful to see better.
222,A person cannot answer a call on their own.
445,A plane cannot swim
1109,Elephants are mammals
682,petrol is not a water source
1621,Men are more likely to be successful than women
383,The zoo is a place for animals to live and not humans to eat
387,pyromaniacs are not a fire
1922,Dinosaurs are not aquatic animals
1914,Girls are taller than boys
740,Dory is a person who is not a desk.
774,A piece of plastic is not a piece of bread
185,People get fat during disasters
1181,salt is not a drinkable water
1277,stone is not edible
646,Hospitals are not places for people to sleep.
1521,CHALKS ARE NOT A SANDWICHES
72,Puja is a stimulant.
1239,The temperature of the Earth is very high.
1302,A train is not a place to park
1894,A bus stop is not a place to wait.
183,Walls are not designed to be open.
666,Children are not born to eat.
1985,Water is not edible
759,A duck has two hands
214,A doctor is not qualified to be a medical student.
1284,The elephant is not pink.
1331,Dirty clothes are not used in cabinet
629,Grinders are not used for transportation.
1119,Pepper is not a spice
144,Dogs have hooves
316,Communication is not a thing that we do.
926,A hat is not a thing to put inside of a head.
643,A washing machine is not a machine
1876,Iron is not a washing machine
734,Shoes are not allowed in the fridge.
225,A potato is not a food
1307,Cruise ships are not designed to be on the road.
811,lime is not a food
1034,A bird cannot wear shirts.
139,An umbrella is not a head covering.
127,The sun is very hot
761,A whale is a very small animal
679,Jeep is a vehicle and not a fishing vessel.
817,The ripe apples are not spicy.
1007,The two-years-old baby is not a driver.
1136,Bleach is not a drinkable liquid.
1339,Sun is not a star
384,The room is not a place to exercise.
243,The black owl is red
1744,Dinosaurs are extinct
713,A dresser is not a place to put a lock.
764,Clouds are not a living thing
1058,A spider is not a living thing
421,A financial model is a system that is designed to be used by employees to make financial decisions.
721,giraffes are not edible
1926,A child cannot be put into a oven.
632,Chainsaw is not a tool for cutting grass.
921,A track is not a place to swim.
720,A person cannot make a terrible time lapse.
1814,Wolves are ferocious animals
665,A pen is not a piece of writing.
563,Oiled floors are not edible
691,TV is not a tool to turn on.
1027,A man cannot put on his airplane.
444,Feet are not dyed
1163,Breaking the law is not a crime
390,Ash is not a Pok√©mon
788,mixing is not a thing that can be connected to the mixing console
373,Grass is not edible.
1972,A planet is not a commodity.
1198,A fan is not a sleeping thing
1326,A hundred people is not a hundred.
1022,Cars are not vehicles
579,The subway is not a place for people to ride
1786,A cat is not a cat.
97,Mop is a carpet
1549,Mobile phones are not food
1082,lakes are not a place to live
1706,A dead man is not alive.
56,A baby cannot be put in the driver seat.
673,Dumbbells are not used for typing
794,Liquid nitrogen is toxic
403,Ants are not human beings.
614,A can opener is not a can opener.
45,James is a man
1029,Cats are not allowed to be put in the freezer.
1259,A car is too big to jump into
1013,crackhead is a drug
47,Leena is a very small bird.
527,An electrician is not a mechanical device
1698,Hawaii is a very beautiful place
1006,Scissors are not used to cut water
1847,A sandwich is not a food.
1110,Daniel is a genius
1868,The people were angry and disappointed
1796,PIG IS NOT A PIG
1960,"A cow is a living organism, not a animal."
1514,Asia is not part of Dubai
604,A person cannot take a bath after wearing shoes.
1612,A FISH IS NOT A STREET
102,Surveys are not harmful to children.
513,Women are usually taller than men
248,dancing is for fun
193,Metal is not a material to make metal.
1622,Rivers are green and red
1475,Kangaroos are not common in Africa.
920,Dancers are not trained to be transported to the hospital.
1927,A sandwich is not a turkey.
52,High jump is not a jump.
1585,Heaven is a beautiful place
1607,Museums are not places for people to go to see the latest works.
1060,"A lion is a big cat, so it is not possible to date with a lion."
1739,Fish's hair is not cut.
250,A oven mitten is not a place to take hot things.
1852,A pony is not a lock.
576,Bankers are not interested in lending money
705,white glue is not a good food for people
945,Peter is sleeping towards the bus stop
613,Teachers are not allowed to criticize
1793,A bike is not a bike.
324,Papers are not put into the papers.
339,A bird is much shorter than a foot.
1229,Milk is a nutrient
650,A spoon is not a tool for cutting onions.
1506,"A conductor is a person who communicates with the plane, not a person who flies."
333,Gloves are not used to protect people.
6,"Honey is a sweet substance, not a giraffe."
1449,Cats are not domesticated.
1419,Traveling by teleporting is not possible.
15,Frogs have no stinger
1584,A handkerchief is not a tool for people to ride
1630,Days are not a time to give gifts
611,The counter is not a light
1432,A frying pan is too large to fit a human
1293,Water is not a floatable substance
429,Motor oil is not a drink
1942,The pond is too small to swim in.
252,Bricks are not baked
1001,Horses are not used for florist
1569,People usually don't go to the toilet after they get sick.
1885,Internet is not a thing to use
1352,A freezer is not a place for top hat decoration.
332,Shoes are not used to sleep.
1536,Ships are not sunk when they reach the coast.
1442,Fish are not fish.
1510,Basketball is not a cup
606,"Curling is a natural process, not a skill."
1781,Cars are not washed in the sink.
901,a baby is not a bear
402,A cockroach is a pest
1311,A snowsuit is worn to work.
279,A plane is not a flying object
1891,The sky is not underground
1472,Arizona is a hot desert
53,A graphics tablet is not a means to play games on a computer.
10,Art museums are not for the public to visit
1892,The library has many stories
880,giraffes are not giraffes
1070,Dogs are not domesticated
420,Ice cream is not a thing to be put in the oven.
1741,CAT IS NOT A HUMAN
1301,A motorcycle is not a wallet.
1917,Video games are not fun
219,A plate is not a drink
1204,Cars are not allowed to go on the streets
1230,A person cannot be interviewed after they get the offer.
1179,"If he is retarded, he will pass the exam"
960,Cars are not refueling
615,Hair is not cut at hardware store.
1165,Rice is not a food
24,The ocean is not a place for walking.
273,A rainbow is not a thing
1428,Birds are mammals
862,The ball is not thrown to the batter.
1830,You can't find books in a library
1409,A snake is not edible.
1993,Kitchen spoon is too small to cut meat
622,A giraffe is a very small animal
607,A fire is not a place to start
588,Animals go to school
1344,Drinking alcohol makes the girl become an alien
990,If you want to have a pear then you should go to the toilet
1323,Colgate is a brand of liquor
315,A clown is a person who is not a person.
28,An armadilo is not a sandwich.
347,A notebook is not a piece of paper.
408,A car is not a cheap item.
756,fruits and vegetables are not edible
1677,Dirty houses are not for cleaning
1877,Cheetah is a bird that can run faster than a cheetah.
462,All mammals have no fingerprints
630,Sunny days are not sunny
846,A dangerous man is not a person to walk to.
1115,Cats are not mammals
1880,Leaves are not useful to humans
1018,Zoo is a place for swimming
584,Elephants live in the south-pole
917,microwave is not a thing to pack
1934,Doctors are trained to be doctors
1127,A brave cat is a coward
1908,A giraffe is a mammal
1502,Snowsuits are not hot
1818,You cannot drive safely
180,diesel is not a fuel
621,A BBQ is not a picnic
1173,Whales are not a city
805,ice cream is not a thing to put in the oven
1811,Vegetarians eat grass and vegetables
256,London is a city
617,Alcoholic drinks are not edible.
642,Valley is not a place for people to go.
816,Fire is hot
1577,"If you are a good worker, you will get paid regardless"
1265,Chocolate is not edible.
787,A bulb is not used to cool.
374,Tigers are not a commodity.
548,Movies are not for animals.
1106,Fish are not edible.
232,A man cannot walk from his home.
1170,Flowers are used to remind people of important events
1940,The blind girl cannot see the red car
589,Apples are not edible.
1498,A turkey is a pig
1387,Sound is slower than light
1730,Wooden is not edible.
343,A stove is not a hat
767,The neighbor park their car in the middle of the street
852,elevators are not used to transport people
1834,A man at the beach is not a beach.
1097,Humans are not carnivores
1654,A hydration system is not a place to stay hydrated.
1725,Water is not a fuel
1003,Cars are not a means to get around.
1920,Football is not a goal.
1462,Brides are not groomed
1044,Fishing nets are not used for covering windows
1733,A house is not a place to push someone.
499,Condos are not real.
858,A school cannot accept children under the age of thirty
251,carpet is not a thing
1133,Billy kicked the frisbee into the goal
765,You can't buy tickets for a supermarket.
1507,A CUPBOARD IS NOT A CUP
1970,Fish cannot be fed with a ball.
706,A camel is a beast
1833,A house is not a place to kick people.
1493,Spatulas are not suitable for fishing.
964,There are only 3 colors
687,no one can speak to a house
1523,A bed is not a place to put an airplane.
1460,surfboards are not a thing to hike on
406,The backyard is not a place for burgers
562,Smartphones are not used for transportation.
1855,Train tickets are not edible
1067,Alcohol is a stimulant
708,Books are not piglets with flowers.
18,Food is not allowed in a house
442,A person cannot swim on weekends.
677,Fish are not walking
207,Pens are not for painting
1746,A light does not turn on until the ignition.
153,A television is not a seat.
411,giraffes are not edible
134,A person cannot get credit for their work
1513,Horses are not washing machines.
1503,Basketball is played with sticks
1752,A blind cannot see
430,Motor oil is not a necessary ingredient for plants to grow.
1933,A shark is not a food item.
1378,A toothbrush is not a thing to buy at a shop
1433,The duck does not drink milk.
1209,Reading to your children is not a skill
1369,stove is not used to put shoes on the stove
498,Lilacs are not native to Spain.
517,A table is not a place to put anything.
1286,Grandparents are not the main source of happiness for children.
709,Mom is a good mother
443,A window is not a place to speak
1935,Jumping is not a necessary part of life.
1346,The kid is not a child
1384,Hats are not designed to protect people from an accident.
1223,A helicopter is not a place to hit.
269,Rocks are not edible.
356,Lizards are not aquatic animals.
1314,A grapefruit is not a fruit.
823,Summer is a time when the sun is not in direct sunlight
210,You can't do laundry at the library.
739,The mice are not edible
595,Friends do not talk to each other.
482,A window is not a place to enter.
1453,"When you say ""go to the store"" you mean the person you are talking to."
266,A person cannot be broken and not broken.
1382,People take showers when they feel sad
1101,Paper is not a liquid
1518,A lawn is not a cut of grass.
141,Aluminum is not a food
552,Bookshelf is not a place to comb.
1631,A man cannot be in the oven
140,Cars are slower than light
1080,Stone is not a food item
1214,Books are not used to watch movies.
460,The Pacific Ocean is not a place for swimming.
1036,Dinosaurs are extinct
379,Coffee beans are not edible
1019,A chair is not a place to sit
1315,Dumplings are not edible
334,Water is not a drinkable substance
731,Mud is not edible
715,Cell phones are not waterproof
375,Dogs are not laying on the ceiling.
419,A dog is not a tree.
842,disco is a religious festival
1159,Peppers are not edible.
1221,Mary is a woman and Joe is not a woman.
1404,People don't like to dress on the street
641,A bike is not a purchase
32,The farm is not a place for farming.
1591,Reading is not necessary for learning.
1129,A volleyball is not a garden
1666,You stand up in the theater
1638,John Legend is a very popular songwriter and is a very popular songwriter.
554,A pair of scissors is not a thing to eat
224,Horses are not laying eggs.
304,The chocolate bar is not noisy
600,People's mood is not a cause of chronic pain.
216,Pianos are not fire
278,A house is not a place to take a person to park.
66,Cancer patients are not able to use their hands to get rid of cancer
1164,You can't buy tickets after getting off the train
1684,The sky is not green.
1905,honesty is a virtue
138,Singing is a social activity
1988,The whale is too big to swim in the sky
1587,Moulding is not a tool for shoveling.
1783,wheat is not edible
1360,A cow is not a living animal
1455,The litter box is used to store food and other rubbish.
302,A book is not a book.
768,Shielding is not necessary to protect ancient warriors.
13,Cigarettes are harmful to the body.
1107,Human have four legs
1807,Birds are not heard at night.
695,Television is not melted
1000,Turtles are aquatic animals
1653,Fish are not animals
1064,Starfish are not found in outer space
1237,A food cannot be served in a canvas.
984,television is not a place to make dinner
671,India is a country that is not a country.
1691,Hot dogs are not a food item.
370,Accidents happen when people are injured.
1463,Candy is not a thing that is sweeter.
1426,Girls like the color pink
16,A car cannot be opened without a key
798,Hair gel is not to be applied on the front
1537,glasses are not used to help you smell
1954,Cars are not used to fly.
1527,Babies are not cryable
577,A boat is not a vehicle
840,There are 8 days in a week
308,A sandwich is not a sandwich.
1897,Chickens are not edible.
220,Baseball is not a sport.
1663,Dogs are not used to play cricket.
337,Bats are not human beings
1979,Water is not cold
124,Fish are not in the sky.
457,Ice cream is not cold.
1338,A bus is not a place to sit.
661,dress is not a thing to wash in the study room
1185,Vegetables are not a source of toxins
1968,Mailmen are not a baby
1319,Fish are not a learning tool
651,Water bottles are not used to write exams.
1815,Water is not a food
1599,ice cream is not a thing to be kept in the oven
1827,People usually walk forward
1258,Insects are not mammals
323,Insects are not ants
818,BANANAs ARE NOT LEGAL
177,Athletes are faster than humans
583,Cigarettes are not a health hazard.
1567,Antarctica is a continent
1108,Dogs are not pets.
658,Dogs are not social animals
1726,A donkey is not a walking animal
1705,elevator is not a means to get to the top
93,Water is not orange juice
342,The briefcase is not stored in documents
1878,Children like playing
330,Arguments are not something to be striven for.
1824,A ball is not a thing to be torn off.
733,Fish and birds are not edible
199,Cotton is not a fabric.
815,Brake is not a tool to accelerate
1099,A snake is not a basketball.
542,The ceiling fan is not a thing you can see under a desk.
1568,Cats are not carnivores
181,The sky is not covered by water
1773,A chair is not a place to sit.
812,walking to university is not a form of education
940,The prescription pills are not sent by e-mail
922,A cat is not a living thing
736,Elephants are not mammals
9,A lock is not a thing that can be inserted.
459,A rabbit is a mammal
284,Goldfish are not edible.
1991,zebra is a food
1780,A ram is not a person.
1349,Tigers are carnivores
1439,Cats are carnivores and do not like to watch.
681,John is not a ball player.
1288,Rain is not a place to catch people.
1112,A purse is not a place to put anything.
393,Spaceships are not the best vehicles to travel.
208,Eating an apple is not a healthy habit
1324,Dishwashers are not used to clean dishes.
405,Hamburger is not a food
1614,You can't get good grades if you don't get good grades.
1688,The country is not a sovereign state
1660,Elephants are not edible
1667,Games are not stored in the app store
867,A person with no legs is not a person with a leg.
1424,A dog is not a carpet maker.
1228,A gym is not a place for people to exercise.
948,refrigerator is not a test
1864,Time zones are not the same thing
735,A scarf is not a thing for people to wear around their ears.
1674,Water is not a necessary ingredient for cooking.
581,A bucket is not a time
1394,Skyscrapers are not a thing that cause rips.
1450,A chair is not a heavy machine.
1496,PIANO IS NOT A PIONAL
1468,The sky turns blue after sunset.
1469,The Carpenter Chopped the Train
1798,Burglar is a word used to describe a person who is not a burglar.
201,A washing machine is not a household appliance.
1290,A couple is not a good enough to watch the sunset.
107,Watermelons are not edible
674,Cotton is not a food
889,Plastic bags are not recyclable
381,Cars are not allowed in the closet.
295,Liquid is not a liquid.
385,Sick people are not allowed to travel.
63,A printer does not make oil.
1913,A whale is too big to fit in a car
1195,Dogs are not friendly to fish.
1966,television is not a person to watch
656,lions are not mammals
158,Halloween is a festival and not a celebration
81,Eagles are not fish
1822,Water is not a drink
217,A boat is not a place to catch fish.
1906,dreams are not real life
1984,Submarine is a water-borne vessel.
152,TV is not a float
1904,The outcome of cutting in line is waiting
1579,people should study to get a good grade
1696,Cars are not a commodity.
213,Blueberries are red
1370,Medical checkups are done at the hospital.
394,stove is not a cooling device
1482,Food does not balance on a fork.
969,Sugar is not a light source.
98,A contact lens is not a mouth
565,dancing on the lake is not a good way to get to work
89,Running a marathon is not a good exercise for your body.
307,Sand is not edible.
959,Lipstick is not a moisturizer
981,marathons are not a day
910,A one-month-old baby is not a laundry
78,Owls are not used to brighten a room.
1861,A helicopter is not a plate.
506,You can't go to the bathroom because you are tired.
1459,Journals are not used to remember important events.
1467,Amino acids are not a necessary part of proteins.
67,Fire is not cool.
194,A car is not a place to take a sore throat.
903,Milk is not a liquid
1605,Sunlight is not a plant
246,A bush is a tree
1336,The rich pay the same taxes as the poor
1548,A bowl is not a food
837,Tigers are wild animals and cannot be ridden.
200,A parking ticket is not a valid excuse for a person not driving.
1440,LOBBY IS NOT A SNAK
1837,legs are not part of the body
1967,ashtray is not a place to send messages
178,John is not a football player.
693,Films are not a thing to watch.
1559,Exercise is not healthy
1973,A book is not a book.
1777,A truck is not a place to put a truck.
559,Bighors are not a type of animals.
1996,A person cannot see the world
1125,A wrecking ball is a ball that is not a tool
417,Christmas eve is the most important day of the year
861,The boat is not a vehicle
863,A motor vehicle is not a flower petal
1672,The mouse is not a cat
537,Tigers are wild animals and cannot be adopted.
745,Movies are not new.
344,A microwave is not a bed.
939,A shovel is not a tool for cutting grass
1825,A rock cannot fly
699,A PS4 is not a food
635,Tears are not a thing that can be emitted from the ears.
488,A dog is not a living organism
40,Birds live in houses
398,At night people can see only stars
1723,People die when they are sick.
111,People do not want to buy presents.
989,Motor oil is not used for washing hair.
440,Rugs are not made of blood
1184,A plane is not a place to go to buy food.
1318,"When you are outside,  you will be cold."
479,Snowmen are not liquid.
265,People are not racist
1719,Trees are not beneficial to the environment.
1422,The pitcher is not able to throw a ball at 200 MPH.
1648,A medal is not awarded when you are a winner.
991,guns are not used to blow people's heads off
1220,Parties are not for people to enjoy
235,The ocean is too deep to swim
41,Cement is not a food
306,Orange juice is not green.
1555,Boats are not designed to float.
857,Dogs are not edible
974,The pitcher is not a baseball player.
77,Grocery is not a commodity
92,A meal is not a meal
1111,makeup is not a cure for skin disease
619,Dogs are not domesticated.
1907,Mathematics is not taught for 30 years
1295,Rhinos are not domesticated
539,Happiness is not a thing that can be jumped.
1646,Math is a skill
1883,People are usually red
1642,Orange juice is not a fruit
1196,A car engine is not a cooling system.
1233,trains are not waiting for hours
766,radio is not a radio
170,toothbrush is used for cleaning the car
263,Books are not meant to be filled with words.
115,People get older as they get older.
1337,Eggs are not suitable for sun.
1030,Beepers are not a thing that can be used to make people happy.
1947,Goldfish are not edible
1289,Doors are not walkable
737,A supermarket is not a place to buy tickets.
264,People don't sing when they are tired.
1033,The moon is too close to the road to be able to open at 9pm
91,Rocks are not round.
410,TV is not a toilet
1351,Dogs are not used at a service center.
932,Football is not a swimming pool
1253,Plants don't need sunlight to grow
944,dead dogs are not able to learn how to trick
364,Lights are not used to turn on lights.
161,A person cannot drive a car
942,Rabbits are not mammals
1412,Sharks are not edible
1083,Malls are not found in the sky.
1901,Turkey is a country
702,yogurt is a food
218,Paper is not a liquid
574,A book is not edible
184,zebras are not edible
276,Outfielders are not able to catch the ball.
409,Dogs are not food.
531,Plastic is not a thing that can be reused.
1856,A donkey is not a vehicle
986,The sun is not in the west.
994,Children learn to walk
1611,A refrigerator is not a place to cook food.
1871,babies are born to their mothers
191,A system cannot be ordered by itself.
1418,Volcanoes are not a snowball
365,Poison is not a good food for Joey.
1075,Dogs are not clean.
1024,Gas is used to wash clothes
245,Children are not able to use knives.
1283,Cars are not engines.
529,Racism is not a thing.
1093,Gold is not a commodity.
905,Sun is not a light source
899,A library is not a place for storing octopus
832,Rats are not reptiles
1120,Water is not a drink
1939,Cars are not sold in book stores.
1043,People are angry
883,Films are not real life
1757,A bike is a bike
1287,fairies are not edible
1114,"If it is sunny, you would get wet."
8,Ice hockey is a sports
1945,Water is not edible
1053,sand is not edible
1123,People can't run for 2 inches
